proceskwaliteit,grondstofscore,temperatuurvariatie,machine_trilling,operator_id,afgekeurd
54.96714153011233,34.69141902987999,80.64036172328395,0.1058944531152342,2,Ja
48.61735698828815,27.41977635891313,45.923987759695805,0.5844129804724842,16,Ja
56.47688538100692,30.480603884704916,5.195657755426842,1.9764405845154855,14,Nee
65.23029856408026,27.688623556474788,78.6278199384033,-1.5642416117110514,9,Ja
47.65846625276664,27.82751886283842,20.13637821359744,1.617212574968624,9,Nee
47.6586304305082,28.4541393826568,25.862083488803876,,18,Nee
65.79212815507391,31.11066885816857,16.47063534322959,-0.8987840483231282,2,Nee
57.67434729152909,27.606256891682612,33.02150648714976,-1.3303136257389898,14,Nee
45.30525614065048,36.2787806278676,75.6751505688635,-0.1891203907770335,5,Ja
55.42560043585965,25.52696348890248,51.93858595039374,,2,Ja
45.365823071875376,29.065641779193204,20.488127415071254,-0.1275491203775342,11,Ja
45.34270246429743,27.801344708629124,87.78300781520409,1.5111549302473477,20,Nee
52.41962271566034,37.23488942176866,87.95818549515292,-1.4511756900515589,15,Nee
30.86719755342202,30.982773882557872,87.05784250460069,-0.0120889478460545,16,Ja
32.75082167486967,35.159222697343175,23.87962113815393,-1.252393444413119,15,Nee
44.37712470759027,22.57219813481514,45.12393441809881,,16,Ja
39.87168879665576,31.335251329346296,98.49896561408752,0.8868873900973003,11,Ja
53.142473325952736,34.44815397811718,77.20124763099903,-0.4207617936810532,3,Nee
40.91975924478789,30.41141994637712,2.716742122555982,-2.6042138566271342,17,Nee
35.87696298664709,35.32740187532676,6.5204591260492055,0.1989481467964945,10,Nee
64.65648768921554,27.41355774949814,46.39313768123328,0.4367385517335095,11,Ja
47.74223699513465,37.0467372009279,90.922020586156,0.4042947549616976,8,Ja
50.67528204687924,41.49449061809625,,1.235782191822154,4,Nee
35.75251813786544,28.185807197801704,49.781250803429025,,19,Ja
44.556172754748175,27.77248739299614,10.547369995663058,0.6802161054504494,16,Nee
,37.2669223855885,65.6780104724294,1.192507512477975,13,Nee
38.490064225776976,37.89786072865356,82.21031606002255,-1.7785875840065168,9,Nee
53.75698018345672,27.385699864233658,38.04200075075623,0.3196518259189772,17,Nee
43.99361310081195,27.899065914520712,77.56118509253275,-0.5041798310076715,11,Ja
47.08306250206723,28.591076955697464,96.44766539008116,-0.0815226731016458,9,Nee
43.98293387770603,23.277747444828613,,0.3476764835383363,10,Ja
68.52278184508938,25.40674026757901,,-0.4872285641135523,5,Nee
49.86502775262066,24.97929616623966,28.71379580845755,-0.6757080791616118,2,Ja
39.42289071044099,26.161012174479357,,0.0341524174880246,12,Ja
58.225449121031886,29.826575563066093,57.75933658811575,-1.0872459388628026,18,Ja
37.791563500289776,31.1710736626826,63.45824175503038,-1.0858251288851857,2,Nee
52.08863595004755,37.75250246407038,79.79141596158941,0.6793732829565033,18,Nee
30.403298761202244,25.008229796306047,39.59704726624549,-1.148794035158656,17,Nee
36.71813951101569,34.92161199238292,91.50900684070432,0.6663125009092119,6,Ja
51.96861235869123,28.930055778872457,53.302886724614,0.4625912928539512,13,Ja
57.38466579995411,29.752681451737836,15.7954822835348,-1.7258067287905967,4,Nee
51.7136828118997,,69.58991181688025,-0.6775646523356551,16,Nee
48.843517176117594,24.386389892188507,,1.1941094030473725,15,Ja
46.98896304410711,31.912048730920255,,-0.9811655311396816,8,Ja
35.214780096325725,30.83226104106528,85.7179256998753,-0.4644042623093876,2,Ja
42.801557916052914,32.462256320040744,90.61432547657664,0.4620608932518965,20,Ja
,31.44584321953909,27.690448737780898,0.7833905092825955,9,Ja
,42.276500699554475,98.3521472715222,-0.2515388860444957,18,Ja
53.43618289568462,26.81130007874342,14.071152804875842,-0.5975101946916416,14,Nee
32.36959844637266,27.345015224990913,20.201566840248997,1.4223698616985077,16,Nee
53.24083969394795,26.88429736787618,18.422483923802613,1.7388996637975789,16,Nee
46.149177195836835,,89.39897100078704,0.9788580507817954,4,Nee
,26.81306436346741,65.42925523249619,0.085318142565024,8,Ja
56.11676288840868,35.94508265553776,15.210428322227289,-0.8082657216409264,10,Ja
60.30999522495951,,44.032341836834895,-0.8304444065565653,10,Nee
59.31280119116199,27.14626853125262,61.52980250698021,0.5225141052657575,1,Nee
41.607824767773614,25.838222134478855,8.34640849893833,0.4183982208886837,11,Nee
46.907876241487855,32.35707778193202,88.24163684073388,1.4015985929464294,4,Nee
53.31263431403564,27.238884778595143,80.36035354415351,0.6504500925361392,15,Nee
59.75545127122359,33.164659088777555,50.52067735766382,,14,Nee
45.2082576215471,31.0146151042565,,1.0519476177229186,19,Ja
48.14341023336183,22.42127942501384,41.77609792750997,-0.9980606273144128,15,Nee
38.93665025993972,37.737526006650306,98.4110319036498,-0.3839712719523516,8,Nee
38.037933759193294,38.97938836547761,66.79199988036271,0.2502002062516945,20,Ja
58.125258223941984,26.93605654757807,63.467127325394145,1.9956674897839644,9,Nee
,28.06149220032008,16.5954895295785,3.109918556005361,7,Nee
49.27989878419666,31.429326953624525,88.1927758304644,0.6067230591361827,19,Nee
60.03532897892024,,42.74896879206152,-0.1831966187203878,8,Ja
53.61636025047634,33.29272136336415,16.223340578247935,0.5345056484805503,2,Nee
43.54880245394876,40.05102269383175,1.260751997575904,0.8876554258738361,10,Nee
53.61395605508414,29.11526386252975,55.975568363838256,-0.3206676255571917,16,Ja
65.38036566465969,26.00851377730773,52.739962212267635,1.7952113559123222,4,Nee
49.64173960890049,23.103403859927365,71.93536223691585,0.230070759191402,10,Nee
65.64643655814007,26.345349800290403,89.02580530178021,0.4977430890913942,3,Ja
23.802548959102555,29.834365135631018,7.940658464302952,0.6659242520544614,14,Ja
58.21902504375224,38.97278931758894,73.14964903403623,0.4215866106144557,10,Nee
50.870470682381715,27.411943504819146,18.741194409758226,0.8389405004696122,7,Nee
47.009926495341325,31.118939758194493,85.8177053157164,-0.6172531865469232,5,Ja
50.91760776535502,29.91788551963624,81.90635138616561,-0.5583017539460305,12,Nee
30.124310853991073,35.94196636724042,54.07937549855444,-1.100154232971695,14,Nee
,42.63466212936811,71.02427986233116,0.4395012306202264,19,Nee
53.57112571511746,27.345656135398396,31.43501131837484,0.7789365035121141,9,Nee
64.77894044741517,27.55280278740889,47.116789893281464,0.4577728661518858,4,Nee
44.81729781726352,35.22080438534536,82.16368977104716,1.6744924333475373,17,Ja
41.91506397106812,33.409457448131555,45.92651971732139,-0.0055960188290465,13,Ja
44.98242956415464,39.23353662868017,35.77982653254418,0.6687416555925126,15,Nee
59.15402117702074,32.91964092662982,49.421244725029986,,2,Nee
53.287511096596845,28.203539546064704,82.82492524372184,-0.387099702474401,7,Nee
44.70239796232961,32.95327415346155,33.520804737087275,0.6955377575657775,16,Ja
55.13267433113356,35.54351790291454,17.37615931357438,0.849102110743144,17,Nee
50.9707754934804,34.10241090598682,71.20140203307808,-0.2939669476641822,9,Nee
59.68644990532889,32.53637015553649,82.59782127080818,-0.0715992518580668,17,Nee
42.979469061226474,35.33337344794577,10.063747852353334,-1.5178737466808094,17,Nee
46.72337853402232,35.84647795222836,23.98741127559447,-0.3570292008066094,8,Nee
46.078918468678424,,14.19719897609939,0.8903831635197862,18,Nee
35.364850518678814,,34.79414115821666,0.5752050161065663,6,Nee
52.96120277064576,29.164409598415727,45.035097890541266,0.5006657213812097,5,Nee
52.610552721798896,30.733568432166617,,0.04977368718096,14,Ja
50.05113456642461,36.03254483254179,65.11475848816741,0.0070631586281764,13,Ja
,25.91532164506382,62.092856747843115,-0.6603211394734471,3,Ja
35.84629257949586,31.843366544364507,35.23749466096544,0.6988284202025348,17,Nee
45.79354677234641,28.033305938363196,84.144755308476,0.4209729443893898,4,Nee
46.572854834732304,30.14372411467409,47.128716739816454,0.4920188479927992,17,Ja
41.97722730778381,36.39225931303649,97.91049380151546,-0.5260348426675804,1,Ja
48.387142883339905,,63.41421382957368,-2.1533429198712444,16,Nee
54.040508568145384,30.232182740780743,12.626474156450271,1.0971527117536957,16,Nee
68.8618590121053,23.20071929510041,67.6177562075434,-0.4788374560084041,16,Nee
51.74577812831839,33.731267830136105,32.5104015431699,-0.8627757640431206,14,Nee
52.57550390722764,33.22742090570538,68.63271966860974,0.6934789119139937,10,Ja
49.25554084233833,40.8162736165273,6.964114816240574,-0.3920126399191296,15,Ja
30.812287847009586,28.46110882523499,17.48814371759594,1.0599363840466218,6,Nee
49.73486124550783,31.095751638319697,85.57372589057863,0.6170059495766975,16,Ja
50.60230209941027,31.246918418553776,22.71795570235149,0.6835693232004776,12,Nee
74.63242112485287,37.887266398817374,83.704112524294,-1.3659557112005345,10,Nee
48.076390352188774,29.52352233806524,27.927608845441043,1.2119439853864005,11,Nee
53.015473423336125,31.395107628851697,64.28819100587077,0.261250531233856,12,Ja
49.65288230294757,33.0394825485827,69.4150573509831,-0.3692771392462031,1,Ja
38.31321962380468,30.93304561578179,51.265475314505295,0.143388467342251,3,Ja
61.42822814515021,27.767831927247357,30.531067669673128,-1.77623523289832,5,Nee
57.519330326867745,30.97044996449154,21.264437637109612,0.4086528114806708,3,Nee
57.910319470430466,35.36815874929886,3.318935456242622,-1.0293715081820716,9,Nee
40.906125452052606,24.8674235029447,30.39464012407238,-1.3526702858435344,14,Nee
64.02794310936099,30.66484837073438,65.3162790531283,-1.5223591862178911,14,Nee
35.98148937207719,26.499395925304135,93.83048184484826,1.1126883749899252,10,Nee
55.868570938002705,35.97523314462421,,-0.6292633936927887,18,Ja
71.90455625809979,22.38406547608113,76.60647765353026,1.5337277099164992,12,Nee
40.09463674869312,27.205390763642058,78.84473432532987,-0.5358014630522978,2,Ja
44.33702270397228,31.886059375322603,66.49849034759953,-1.7073579575929467,16,Ja
50.99651365087641,37.827620146171704,26.0286857566003,-1.1165244399486591,12,Nee
44.96524345883801,29.67124869463506,90.719503070583,1.235811620006939,13,Nee
34.493365689338674,27.22400236653401,67.0732311905834,-0.1558981779366675,12,Ja
50.68562974806027,39.40578534720295,56.04406309804399,-0.5482872964906009,12,Ja
39.37696286273895,22.75993049791878,11.098946921348109,0.1600182258527877,2,Nee
54.73592430635182,19.00597021689959,44.70555438064254,0.501782736167545,12,Nee
40.80575765766197,32.200072250266665,46.03582712019263,1.1173988159024608,16,Nee
65.4993440501754,27.489728878236946,86.45636095226699,1.4484992298929262,7,Nee
,24.893835914346433,54.66482201877885,-0.3597686457890857,13,Ja
46.77938483794324,33.541782236496765,38.04005489704097,,1,Nee
,31.219003568855996,97.68003285106592,-0.413465161123276,7,Nee
37.69135683566045,27.179606846316357,11.072059332631568,,9,Ja
52.27459934604129,23.59847800664553,42.25484283119446,-0.9637589262106108,20,Nee
63.07142754282428,34.36228664140072,4.202467517140529,-0.9571509148950428,5,Nee
33.92516765438772,33.251005889793305,73.99041207669303,0.3437878815498854,6,Nee
51.84633858532304,29.504120681103085,91.80765521991506,-0.0486523515704511,9,Ja
52.598827942484235,39.23318498023833,,0.0327969954115865,20,Nee
57.8182287177731,24.649576168369236,85.83416767991208,-0.7584953347000695,18,Ja
37.63049289121918,22.372374145376305,29.221823046189776,-0.2304007142057673,1,Ja
36.79543386915723,26.540459650593775,91.07701616439152,-0.9242331442683044,5,Ja
,29.77206991822251,75.3961903596784,0.8901984111247868,17,Nee
52.96984673233186,31.21669724661346,80.49067768414386,1.0352493347237526,2,Ja
,28.79381971071835,1.80065556004545,-1.8461878622380936,18,Nee
53.46448209496975,31.760276982571483,96.2810357074026,,6,Ja
43.19975278421509,23.74230287904778,72.66709920703232,-1.496529255090079,19,Ja
52.322536971610035,37.2188230203663,30.47510953861333,-0.6500239344068982,6,Nee
52.93072473298681,29.589244108037157,82.9394664858847,-0.0834379697903608,9,Ja
42.85648581973632,35.58647915794064,28.152119841492997,-1.44964521969853,14,Nee
68.65774511144757,31.71362673188852,87.2753839566128,-0.9218598131253132,3,Ja
54.73832920911788,,,-1.0039573720814985,12,Nee
38.08696502797351,32.84883640116102,70.36859774607957,0.2072673293989439,11,Nee
56.5655360863383,32.23854280008658,54.06984766449104,0.0693443370362504,16,Nee
40.253183297726785,33.21361379933772,9.653447019544082,-0.7217375533372533,20,Ja
57.87084603742452,36.64576265066216,24.189382825883897,0.1768208721393979,14,Nee
61.58595579007404,30.98260584850735,1.240403627731479,-0.5466800845872654,9,Nee
41.7931768164829,33.54501878794256,46.876796546450585,-0.2716551103260533,9,Nee
59.63376129244322,29.551321528563868,30.126526076000037,1.673452090298537,9,Nee
54.12780926936498,37.200586077247365,59.83574842977588,1.340461051790348,17,Nee
58.2206015999449,,29.72378077086172,-1.2995812369275976,7,Ja
68.96792982653947,39.004702164554075,29.99191115069847,0.8297324178791745,4,Nee
47.54611883997129,29.799210246778284,74.31931987316034,0.8113965544915921,7,Ja
42.4626383564251,22.84612448940976,4.814283597835345,-1.1482632887526183,1,Nee
41.10485570374477,30.640522074553942,90.28949951919871,0.8187776437548606,3,Ja
41.841897150345616,26.594741712625595,85.22638743911814,1.5379319184125528,2,Ja
49.22898290585896,34.20321774494362,66.78046832264066,-1.122544806244414,16,Ja
53.41151974816644,26.736880103488044,,-0.9175028210142636,15,Nee
52.766907993300194,27.769082833926102,89.23024981396523,1.0176614668435024,14,Nee
58.27183249036024,20.552296345272342,,0.271495310825648,10,Ja
50.13001891877907,27.738468403754617,7.896916219082861,0.5514762752395233,15,Ja
64.53534077157317,17.88060336685522,23.95101699095381,0.3405892164004968,4,Nee
47.35343166762044,22.080485882571384,,0.3906959209281441,19,Ja
77.20169166589619,33.80207328072149,3.4670266726483323,-1.326472128311083,11,Nee
56.25667347765006,33.92900079325416,58.28068350834896,1.0473177066214483,19,Nee
41.42842443583717,32.12728780892483,99.543751619131,1.1695899924277735,4,Ja
39.29107501938888,25.165119284353935,85.56960938375394,-0.2293907440680277,10,Ja
54.824724152431855,29.7614432192901,52.14456890435895,-0.0434769498138624,14,Nee
47.76537214674149,29.981987304547157,6.364090928664234,-1.531107502555722,10,Nee
57.14000494092092,24.208176554037287,83.13735143857099,0.5142547560178349,9,Ja
54.73237624573545,37.51699150883575,59.89785081772106,0.5720574417141441,4,Ja
49.271710873431275,34.386811452878355,11.493299705956684,-0.062191016999311,8,Nee
41.532062819315954,28.89517913085168,9.38572848233562,1.1243533598705029,5,Nee
34.851527753141355,30.134429194972657,,-0.3340772309799405,7,Ja
45.53485047932979,31.04191403973776,66.92002629380784,0.5646059258936003,14,Nee
58.56398794323472,19.791325657878545,82.92867993167555,-1.0196643386921156,13,Ja
52.14093744130204,,87.89789002822673,-0.0235521508742381,13,Ja
37.542612212880115,26.590078760011007,57.17723520483222,-0.1743542579028358,8,Ja
51.73180925851182,24.991899950525426,51.74463517550413,0.2253079220409415,20,Ja
53.85317379728837,28.594498535570224,43.042741032099016,-0.3695269288333586,2,Nee
41.16142563798867,38.988432634247616,31.69465877911193,-0.1314725956716678,7,Nee
51.53725105945528,33.20421430633505,43.459596085871176,,3,Nee
50.58208718446,27.144105051086015,77.38796557301563,-0.4367642372382174,7,Ja
38.57029702169377,32.86291390678079,60.19234310151316,-1.606577100738679,20,Nee
53.57787360348283,36.99677718293001,89.2523289954846,1.7495839042054206,8,Nee
55.60784526368234,34.62316841456384,44.33800143791877,1.3814540786904863,19,Nee
60.830512431752766,30.29815184960087,60.7089578718754,-1.2922626951056186,10,Ja
60.53802052034903,26.76531611147213,63.130755309198875,0.6897078052451944,14,Nee
36.22330632042909,33.49111656806795,59.16971623063255,-0.5029747705513431,10,Nee
40.62174960084877,31.967426927108747,70.26337730855164,0.2634872153310595,6,Ja
55.1503526720866,34.47596610013866,23.74334683748063,0.2942241290134937,16,Nee
55.13785950912209,33.175859008409844,51.23637775457907,-0.234407800316322,20,Nee
55.15047686306048,35.247763576596675,10.422480280834767,-0.7837656655863965,6,Nee
88.52731490654722,27.32382394219716,,-0.6905410523162594,16,Nee
55.70890510693167,36.58697032817163,48.76670686212644,-0.9161919154812423,6,Ja
61.35565640180599,30.987998023462,65.22242595454725,-0.8318222082304447,15,Nee
59.54001763493203,40.37630436312632,95.05310525862036,-0.0671782900493552,16,Nee
56.51391251305798,26.55406090955216,60.06510665483559,-0.7157599891107518,9,Nee
46.84730755359654,38.67981901582625,74.35939161765597,0.6820520657126199,15,Ja
57.589692204932675,30.98955391731324,50.626605949520275,1.4872461553359273,6,Nee
42.27174785462428,26.74290998192776,63.41040313763313,-0.580053241370043,2,Nee
47.63181393259991,27.58057082972839,7.093221613377343,0.239404500535377,2,Nee
45.14636452170897,28.3982634590284,25.439158084184697,0.4996851103029338,9,Nee
50.81874139386323,32.12082973200958,36.185309320513866,0.4720022709192744,19,Nee
73.14658566673509,32.6141774401775,47.249335500651355,0.0759552679160874,3,Nee
,27.131499980307105,4.564874550238374,0.7426824183597224,10,Nee
56.86260190374514,29.878227038695087,14.002409755331769,0.4822489526806572,15,Ja
33.87284128810349,40.71135179305932,27.68143077913058,-1.2376624223272978,5,Nee
45.280681342105666,38.637715850503554,97.15326909010508,0.8691560643892732,15,Ja
60.889505969673664,32.18161834837016,33.134700710305076,0.8872908372667421,7,Nee
50.64280019095463,30.190017390841,,-0.7632861041785816,17,Nee
39.22255222070694,30.600156633591308,19.609771273839293,0.037937835447602,12,Nee
42.84696290740032,33.06758986365208,61.07800710757682,0.6833289928110694,11,Ja
56.79597748934676,24.886037174007978,28.068321551597432,-0.2093138195793615,4,Nee
42.69633368282864,28.713117312883274,20.699257843842677,1.0729780477660118,10,Nee
52.16458589581975,21.657079630612053,51.65726284459791,2.3638724946193608,18,Nee
50.45571839903814,31.996115613026397,0.5505799160420821,-0.7859860326349823,1,Ja
43.483996523941826,33.2359796985137,0.7664032649225327,-1.3810446031537749,16,Nee
71.43944089325325,27.58406768850313,21.906880910185777,0.3038185956048757,10,Nee
56.33919022318011,37.86993381645016,3.672136250082114,0.7215625051261435,15,Nee
29.74857413342393,23.871171684988298,10.802575413069135,-0.2308663738447689,14,Ja
51.86454314769428,22.6781255989509,33.88606493387516,1.4532606633210343,9,Ja
43.38213535231612,31.12225909279986,80.25856795798128,-1.3386057997232488,7,Ja
58.52433334796224,35.23549151306077,57.204864336930086,0.6929186230316111,13,Nee
42.07479261567299,38.419638457289345,51.26677259564164,-0.6058608207588934,3,Nee
48.85263558533101,27.7055786856553,29.34888232081217,1.7193779062072967,12,Nee
,35.393404167156476,93.17537194328165,1.9925153531681183,2,Nee
58.657551941701215,29.807457652496463,39.70150412371917,-0.7666565877833479,13,Ja
37.997035929442234,29.136863500295902,8.70927667957715,-0.5495571359085801,13,Nee
46.65498764159051,34.41829968743336,61.70665161178013,0.8595878869798019,2,Nee
45.25054688839044,33.261614392067095,11.38383934766014,-0.3871306497895146,16,Nee
43.46670767426288,22.118039215078753,34.52231428016921,-0.0454112179322382,9,Ja
67.65454240281096,37.38270174862948,50.74119387178089,0.0253884205424101,16,Nee
54.04981710960955,36.90045677073726,87.42225246851758,-1.9196731561976563,1,Nee
37.391160456649544,26.872186492452354,49.35465803401187,-0.0138377460942372,4,Ja
59.17861947054776,31.979017667187044,70.22587660316643,-0.6897277740641738,10,Nee
71.22156197012633,32.47015093141369,99.28168389990704,-0.493122822399772,4,Ja
60.32465260551147,31.303368829119535,13.148911989798162,1.4436320034688142,7,Nee
34.80630034045987,27.2484742307729,27.47315255195195,-1.2565068942792563,14,Nee
45.15765927133749,26.641883160309742,39.45760755976464,0.8132051867479773,3,Ja
62.669111491866225,29.872229645042772,42.18281785388314,-0.2789629303318085,14,Nee
42.92330534381219,35.86364509629682,41.102107526554576,-0.2797601684958344,3,Ja
54.43819428146229,32.71800077297216,90.76110025565548,0.7903718960517113,4,Ja
57.74634053429337,28.14692833956947,71.40326444668564,0.3400512945688904,12,Nee
40.730695284219166,33.85849355324172,60.79052140907037,0.570612997219531,16,Ja
49.404746439382,15.757286896849624,30.93727178627821,0.9681846605328612,4,Ja
17.58732659930927,35.74382850186052,82.37903842212947,-0.3313083831833227,6,Nee
39.756123586657104,21.301431106109504,95.5060511484989,-0.6122367345077503,19,Ja
47.4743184860684,28.18779529298434,82.11982825502265,-1.085150526557798,20,Ja
,24.40165052686928,,-0.8254105299789551,12,Nee
66.32411303931636,23.526592621395473,63.6401370183407,2.9490944253087252,9,Nee
35.69858622039367,35.8041339368926,5.1135381442100725,1.2446795807367868,7,Nee
45.599555133030165,27.661493993440544,25.760722033372183,-1.3510743662080211,13,Nee
51.30740577286091,31.73251940865358,5.952470034777169,-1.32245795674357,12,Nee
64.41273289066116,29.76539710560408,60.37954529493877,0.4818660617184915,6,Nee
35.6413784882056,32.385204136115604,68.65899134926067,0.547264797377967,1,Ja
61.63163752154959,30.38410945530128,11.448763806590511,0.5488838353173644,4,Nee
50.10233061019587,23.58503887905715,38.38388830449795,-0.2549557935536978,20,Ja
40.18491348952049,34.9813340972357,45.6236508955542,-0.1254542600029002,9,Nee
54.62103474263271,27.531217084193436,36.90530217609166,0.3278795241593574,10,Ja
51.9905969557347,22.217090506701247,12.102500048519303,0.0858930062933304,10,Ja
43.99783122841205,27.859424195170437,41.89477901874754,-2.219300372747535,16,Nee
50.69802084990019,37.503798953171554,75.11780478084181,-0.2297996305751938,2,Ja
46.1468640313824,34.251108710567465,7.100766453325546,-0.8514064342603136,2,Nee
51.13517345251248,28.256739327960705,8.018001408190345,0.175211418908512,6,Ja
56.62130674521047,28.253711478407855,35.47712918359842,2.98525900260341,10,Nee
,28.391824743913087,94.1725711618925,0.3674816654743044,14,Nee
37.62184501173151,40.383739917804206,66.85726467229141,-0.3135296861723979,10,Ja
71.33033374656267,31.909677261157768,,0.9218015019772522,9,Nee
30.479122004774982,32.15020823595535,36.1919990837865,0.4826878872092127,19,Ja
48.48214904964416,35.151417270159214,59.36607912085384,0.4200944904518413,4,Ja
55.883172064845766,31.193945795132567,1.0131184027743378,,12,Nee
52.809918677350325,28.704789270896484,63.60960464095422,2.056543564829542,11,Nee
43.77300480179406,29.01825075457511,91.32869475762368,-1.1308884353259157,10,Nee
47.918777496427246,29.64199370292968,61.25734683448192,0.4736320768114544,17,Ja
45.06999065341167,29.813888817450792,87.3698593466345,-0.9263811299815384,6,Ja
44.10635243055789,33.6381477181849,72.39730554660937,0.5555126463422483,20,Nee
58.496020970210246,30.259729429036497,12.055841640369025,-0.9186865114860944,7,Nee
53.57015485965047,33.6632003860779,90.24533072858418,-0.4173668136050844,11,Ja
43.070904047393455,29.59641709945709,6.644384435577488,-0.2950899142379063,11,Ja
58.995998754332504,30.393175951580453,53.39674725477638,0.975816719344709,17,Nee
53.072995208766095,20.00899657733946,14.213712379345766,0.9184544439424138,9,Nee
58.1286211883896,34.581638373512405,1.1706610730904066,-1.2457173764463845,6,Nee
56.29628841923612,31.732442379489964,42.2034260127639,0.0549341109998487,1,Nee
41.710049890779274,,29.504070765415623,-0.7095798547491726,8,Nee
44.39818959803031,15.518723109031551,48.6000493797603,-1.2585049106753343,17,Nee
57.472936051232615,40.44187352390364,57.71998867345508,-0.2170170504243704,1,Nee
56.10370265433465,29.302051859224132,4.373907230894735,-0.3084827884558197,18,Nee
49.79098406035852,35.54091408368758,12.300329512374564,2.4267164863455224,11,Nee
51.17327383308782,24.800470364372345,55.86423964504254,0.4329598253606961,3,Ja
62.77664895788425,33.063869525312846,34.316735317265824,-1.3776175007542373,7,Nee
44.0842861116417,24.73292218413172,72.9173487549448,-0.5647740041709423,12,Ja
55.470973811700375,26.881155196520975,65.22916485919397,1.0213832954293984,7,Nee
47.97807347566106,39.570156769333934,84.56043629899068,2.088442772869925,3,Nee
47.8231879677278,29.046587996183263,69.24928266692253,-1.5859833122379583,14,Nee
60.9877685198719,,42.99310773901481,-1.879924385139045,14,Nee
58.2541634898803,34.35033865344377,67.29666223944324,1.8709651753717824,3,Nee
58.135096360006386,32.47840943986302,27.538117425541852,0.3896141773709038,6,Ja
63.05478807154329,30.752094525717883,30.63134987782127,-0.8682927318763665,5,Nee
,31.82480501233113,78.89851599207933,0.5346290861224353,14,Ja
56.81952971294964,42.01707792619138,44.64195164015822,-2.6357477390168778,15,Nee
46.89733243406544,29.71190601483207,79.83803405183525,0.0033755065971609,15,Ja
53.24166352488442,31.005495233574837,82.24223736682784,0.3278211728430852,19,Ja
48.69856945632315,35.25327198003806,85.75623376612837,0.9242701395378298,16,Nee
50.96995964992718,35.52762966478992,91.66352358412072,-1.0138959522925377,7,Ja
55.95157025436914,35.9351515278019,43.098522051329624,0.085687161403359,3,Nee
41.81779316766527,33.19365111014592,31.886681832113883,-0.9254246260595872,13,Ja
70.9238727568546,24.284975436347583,58.21987465941139,0.2553837556743171,19,Ja
39.93982618500298,38.16715766150548,37.117242343762754,-0.8953463223630241,20,Ja
37.85811387212268,24.26827303490656,60.1074166800233,-0.4081008391602206,5,Nee
,31.51317732619517,70.55858626438246,-0.9958153947902292,5,Ja
57.91662693962936,26.22862074990321,68.84050184921368,0.651136241823657,1,Ja
56.24119817052155,29.679308267035037,,0.8584511166566653,3,Nee
56.2834550926428,31.6438120515174,16.68602016987528,-0.2346205699574138,12,Ja
49.87753227153085,31.606786077251364,43.05293384622075,0.0382379949600283,11,Ja
41.02745628514168,32.109603771176424,14.259414408190874,-1.448591414633544,8,Nee
50.75804558193726,38.06855634529323,89.00970351838083,-0.299676648006787,7,Ja
43.22838288487888,,34.58774607378574,-0.0502046170417447,17,Ja
59.75119733417751,28.77921682354676,15.445974722332378,2.620793091029975,10,Nee
48.52942618497861,34.820435841441785,2.5447759905750877,-1.1119670257741636,17,Nee
41.745028032074885,35.947352444623206,64.58223862864843,1.4641772387524374,20,Nee
46.78614158347007,23.86196092431504,63.69023174547432,0.996858773465808,7,Nee
54.12931454275624,,34.060416658129164,0.2806364044901364,5,Nee
44.36275447196025,,7.171188884765101,1.7586204841951334,20,Nee
41.77779604433569,28.51218248320004,40.9628894895232,0.3721054726068629,13,Nee
52.436872114919126,36.878534066558096,31.12174950633936,0.3891591956679287,6,Nee
52.44966571108723,29.249722064837368,67.71206397350093,-0.0531206530175453,13,Ja
44.9305682462887,30.627882267357712,,1.2235688824186275,11,Nee
45.289616943816775,29.13464087858065,36.459372819754,1.0964692338108837,19,Nee
52.32049937357636,30.077895237907335,21.78925542549901,-0.6256772874962124,6,Nee
35.51915658502676,24.518624565523993,98.8035966155592,-1.3192471945987674,20,Nee
35.92536225623445,22.79974558702853,45.40016211961149,-0.202980637395657,19,Ja
42.81555778747564,37.97252531612486,68.82742357802371,-0.8000385643976464,4,Ja
47.86552848288153,25.76519325840836,14.05529675783608,-0.0635245746153551,4,Nee
53.10907565598005,25.043038252718464,48.55896996593978,1.2374381346841392,11,Nee
64.75356216949552,19.233049431981428,2.7536719869465487,-0.45730165508679,1,Nee
58.576596232020194,26.805191261552487,50.545511791044994,,6,Nee
48.40061470036573,,96.40174071177024,0.0580227348083952,9,Ja
,38.21007580068185,38.420671298580025,0.8484308822052846,20,Ja
39.97470635362191,35.04908544671317,,-2.246889333984605,20,Nee
49.8148686400761,26.559248274111383,3.095579091934353,,4,Nee
47.11341361079862,41.26217902672154,38.798675994686946,,18,Ja
53.227185603380896,34.90882743495797,16.002493646319405,1.2000789564268612,2,Ja
41.727690564476774,28.37584308245689,2.335209632818591,-0.4919024475062051,15,Nee
55.193465142411725,17.502971425632133,75.62136139501769,-1.876552706041874,17,Nee
65.32738913002578,41.45471286295371,45.85230088818907,0.6197114459661363,18,Nee
48.91239851543143,23.05213766618202,28.924477197265453,,5,Ja
54.01711722098941,21.773006265215542,90.00831830164807,-1.1896666590903613,18,Ja
56.90143991711113,35.1128521600482,11.61389602005256,-0.6243453897132241,3,Nee
45.98779528114163,42.19876203169636,95.59188289553192,-0.1845253576558495,11,Ja
52.24092481810417,36.921364092552594,31.39667173773528,-0.6047446645382127,10,Nee
50.12592400781795,32.8195456002618,88.84036723086813,-2.205566057099069,7,Ja
50.97676098548832,32.97377170832643,,0.8970661968871322,1,Ja
42.26990216144534,34.267077793901535,82.67073597414874,1.2748750412787222,16,Ja
50.245101742589426,33.79464294893383,98.40131632104642,0.6515219913395057,7,Ja
54.979982912454496,31.40595711984688,28.840543781874572,-1.1376856704248166,14,Nee
64.51143607795042,30.52100551975938,96.1135485407593,-0.2014915339475179,9,Nee
59.59270826085207,29.687034360502388,38.94818949024204,-0.006521315229458,8,Ja
71.53182457511556,26.23017705566662,38.55119047369223,0.5987943895619102,18,Nee
42.326524371119504,28.59662461566613,34.03871042545057,0.6683404887180808,2,Nee
58.723206367206785,21.53521592902307,54.14076073475852,-0.7341737987784958,15,Nee
,29.50830186602625,15.41450431784871,0.0819955564135604,15,Ja
71.89802933217672,,55.37114853580112,0.4572804046152411,8,Nee
41.91701714644849,24.482053413921143,54.1704812410004,1.4558223221467663,6,Ja
41.60278157819224,30.899470755767393,76.190181260487,0.7045065398247231,1,Ja
44.00607354555978,36.960011431723,83.36499619375856,0.7890566873755189,19,Nee
28.76104275690193,34.59158303001156,,0.0838266279293609,19,Ja
44.74244978319239,22.14749698188411,30.233324935149376,1.4104591452035038,5,Nee
42.40867338446302,25.051859317148313,25.933489731709447,0.4097627959594974,1,Ja
51.50393786476208,34.70385593994108,19.462383670487192,-0.8610879101735704,3,Nee
53.41755975777159,25.087563032308452,5.764758219902488,,2,Nee
68.76170839215887,28.876834250014877,34.244797883471335,0.6979032725390276,17,Nee
59.5042383818605,32.75026049512276,27.02476921307833,-0.4430440211284823,18,Nee
44.23096344337597,25.158277725681824,96.64173858664074,-0.4794929673992433,4,Ja
41.01585328651642,30.5268775307298,55.77088262500439,0.2965755451407618,15,Ja
54.919191715065054,23.329872525408977,34.72770390305075,0.4631847952675847,4,Nee
36.797667929793576,26.99316178024393,58.0467600993696,0.1972922656312064,8,Ja
68.31458765854353,31.59890967071269,13.91967013456955,0.3113086734428849,12,Nee
61.79440120721287,22.035031332341653,44.40437492022029,1.6999573745763803,15,Nee
45.30824347895295,32.202373689801995,62.62343214210638,1.0715431522348855,18,Ja
32.868654709091224,29.901811005366593,48.889783179245136,0.1906355912650243,1,Nee
63.53872374165413,32.76244977208574,40.177880065432426,0.9413105807674832,4,Nee
48.85460154747382,31.119570670323306,99.3848388899698,-1.0325239035275395,6,Nee
62.378163119734616,36.82070214986922,,0.3979270499468089,7,Ja
34.05572341205633,30.626122513239537,62.34059581594401,1.80930634973311,20,Ja
44.00624977046227,27.852972294373735,56.93773611822828,-0.2180458953923738,16,Nee
50.05243699718183,30.611487515161414,62.06604798245841,-0.8476339286190848,7,Ja
50.46980593764742,32.716490145181936,20.131210782243325,-0.6520888885930607,20,Nee
45.49934528520756,30.24430035162852,39.51377432643186,-1.0896330373423884,10,Nee
56.228499323474985,30.202958456019413,3.945953289089932,-0.7847619081277034,11,Ja
39.32379570617405,26.490041560966223,47.554603748682666,,9,Ja
48.576205149787064,26.68549541224526,54.302458395766315,-1.405567019178642,3,Nee
51.20295631711899,22.986973641001537,22.77497361032096,,19,Nee
55.14438834058749,38.7478837159347,96.40288471655136,0.9022771737866472,1,Nee
57.1161487808889,23.780683823043574,90.9454610937242,-0.9077561801469204,4,Nee
38.75357908162131,26.53547401102046,72.21432354559059,1.5192839236417688,5,Nee
34.65885829264378,26.40796367215401,53.33866287653626,0.5107920885275947,6,Ja
62.77676821898509,34.474621884722204,86.99691596476849,1.0305805856240573,3,Ja
53.32314011979592,,13.065234382346292,-0.6578345538521371,1,Nee
,36.23871036336867,79.0509794274885,0.8545252270666157,14,Nee
65.51151975522524,26.63254687878066,12.48208139668483,-1.091933900395313,20,Nee
51.156746342928585,31.39497081111901,79.42106625494054,0.8902475008365087,3,Nee
61.792971840638266,25.823264733701215,27.576756825135696,0.1718393397935312,6,Nee
50.67518481410109,40.72574563886694,87.7090581018189,0.5532512199847837,11,Ja
70.60747924881987,24.062007904852436,94.4042093825398,-1.1755946056248516,19,Nee
67.55340842443204,,14.879596940511563,-0.8950698422766047,14,Nee
47.51035851520926,33.168884404660496,46.267560506539354,0.5972282182533848,16,Nee
59.71570950954356,32.06899548725749,98.09873781626852,,12,Ja
56.45375949585147,29.073561705611457,48.34074359731466,0.463206292099123,9,Nee
63.68631557532349,29.35089650133287,86.35475225145451,-1.3671378064602455,4,Nee
40.35076539419896,30.219057359895547,,0.8481742126666681,18,Nee
56.86051459998439,29.26498999185756,37.53299079196019,-1.232523314768509,17,Ja
60.58424486849588,34.81939558397455,28.57835555258702,0.5522999376795232,1,Ja
32.41260513576886,41.05261500795676,20.322309108608728,0.6256309336460009,15,Nee
38.16741487334225,27.212541074960832,76.17981913776973,-0.6967718184295749,2,Ja
29.607678222398995,23.150985102104613,38.65405068230279,0.5820265670847269,15,Ja
47.305931655554424,29.558589758243727,51.12754622007512,0.2604422633335559,17,Ja
57.17542255795962,42.898546688271594,49.23254800011819,-0.5388418561927383,3,Ja
65.02357052096028,25.981627160151348,57.72790292331312,-1.008554684076208,9,Ja
50.74094780419775,38.195584027220335,86.55771456245522,,3,Nee
,38.38850407038221,98.07393435834294,0.3496500472996937,12,Ja
36.19898541785109,27.232058791460027,40.758420857381694,-1.5648027713620551,19,Ja
32.96617560644845,32.84491539592638,82.7518922106303,0.0953441994413082,2,Ja
49.44452301103381,38.14198311564269,76.45277946547176,-0.2634482160822491,8,Nee
53.840654489393074,28.104361295062564,57.352895145557326,0.6791427754381955,20,Nee
49.67305251905907,28.982098199488192,95.60471436119332,-0.3020454994898642,7,Ja
29.32557899960123,27.09159543025678,20.04745155284028,-0.3294477863470914,3,Nee
49.10879960487212,24.926216346535668,10.92642103096214,0.7318707042882956,10,Nee
36.95530499495147,26.753612274669965,,0.3350580290841175,11,Ja
56.69672548830039,23.88029866618872,43.91498166337483,0.3161559571827783,14,Nee
53.66598246096848,30.17041734129613,84.69688542070605,0.4692675898085262,7,Ja
40.60120213672645,26.15013384470679,89.30902051954149,-1.5355721232071058,20,Nee
44.861330826633065,31.16892955895374,6.245759361907144,0.756788679986982,11,Nee
39.40786478111048,22.220521768981865,88.34647629860606,0.6124687940136023,6,Ja
49.37320902726828,31.65440116107229,44.831905536942216,-1.0166831285764972,20,Nee
,34.16764480804462,51.04324890042322,-0.2440804736742013,19,Ja
40.14273953664456,20.031321787142723,62.659251109321026,-0.0393072876276311,10,Ja
55.040465155178445,,92.63826067300867,-0.1344967844017327,1,Ja
44.69742381627559,36.13834496236646,1.911609442976403,0.3338599665685346,12,Nee
42.07127167737656,23.951794906543977,47.68434683178171,1.4313667818311837,12,Ja
48.929696400454425,38.362861934188516,68.77220424305607,1.0817667276728289,3,Ja
39.64757677580626,32.095095046830224,72.27069576982285,-1.3122191934314065,13,Nee
44.46350694652818,26.474940721207957,69.2532431537108,0.6220699903060487,17,Ja
38.02122107411152,29.72115461171147,13.443512940812186,1.3289333195354096,3,Nee
69.6472513291639,32.791634562608614,29.93955883716812,0.3868085206892026,15,Nee
50.35263551971729,30.380026957062057,35.87155254170135,1.090980425185967,3,Ja
43.00274492007414,32.693779962231844,80.4437207679505,2.012270445700765,15,Nee
52.13979910734222,25.39663203460317,27.875987241455302,1.0237095461069814,9,Nee
48.8767195030917,30.84680412018039,21.070496386720315,0.2493085956417288,1,Ja
47.79030400466777,22.9314275154751,95.74480190380962,1.0450884740847537,20,Ja
56.14166700043425,29.4438696932565,0.88632851134689,0.1448878330968911,4,Nee
57.57507710047305,25.480461792676053,99.7820855681978,0.0239030432849554,12,Ja
44.69498852389472,26.322350287051165,67.68212988573956,-0.3514142357137325,4,Ja
44.2418175935532,36.18046587605219,82.84692994491171,1.5634133588321082,19,Nee
47.24948302848356,35.45655060297135,29.461939634619316,,15,Nee
26.98078835264415,33.045690604535885,1.4315277667059978,1.532367724678116,17,Ja
34.84808937801448,24.538436176637106,73.78695185615301,0.4998641237403713,9,Ja
63.66874267444525,28.41795775152599,83.41445970006758,-1.3993061748019415,10,Nee
66.44967713501283,36.06548849989592,74.04761319535191,0.3676492929914216,13,Ja
47.50963960443622,30.708584568199523,14.28502873008386,-2.100026507651624,16,Nee
55.765569630557664,41.59664769990847,75.34279222569691,0.6255080168310357,17,Ja
53.11250154543536,31.96658919697186,76.8922782107641,0.885231482988991,1,Nee
80.78880808455239,30.960245582450156,65.85405156700548,-0.5923559556520536,14,Nee
61.195749114345766,28.454417678987493,76.61159327955862,0.1235476959555823,3,Ja
48.72082408519233,30.66770452391141,84.59214396777321,1.9541574337502865,6,Nee
40.44459559399574,29.23765081809728,61.360411423745845,-0.5057467042619367,17,Ja
33.93553679742428,33.54054338344295,8.860471396967906,-1.0589075870566005,6,Nee
52.03463635867223,34.783511583972924,48.76278096672109,1.4816634024625988,16,Nee
42.436492547156966,26.070052697460252,7.764933467160507,1.9625871905307948,10,Nee
35.77746290402326,23.34383523221111,40.75430310324308,0.0036956718478473,5,Nee
43.534271157574736,20.818973134483517,40.71064891256276,1.0114630354083562,7,Ja
39.18451996385605,32.53995663456272,6.600984414024158,1.341475915530881,11,Nee
66.87141635072564,24.483166969130632,34.88205339694793,-0.742484232538384,16,Nee
58.816397569494505,19.235547035237587,11.099809879131485,-0.4853058353678683,13,Ja
49.92027358683383,31.942893022654825,80.82352100092221,,19,Nee
64.79944138890026,42.46499758716395,94.76880259644707,1.6850142787085094,18,Nee
50.77368307647618,29.969645442300532,7.231647525793861,0.5628808601743548,16,Nee
41.38715798671736,34.19245387225821,95.51152072917014,-0.8798143535020543,13,Ja
65.23124077269657,30.409146792737825,52.25765993367452,1.9870611116994412,6,Nee
55.38910043684659,29.505551734044285,29.95656779538739,-0.5309708978119645,9,Ja
39.62753845673544,34.59538241493884,7.686207527616351,-0.3351377811714517,3,Ja
48.09661321916392,28.548627279056745,50.06242680704178,0.3423378344896214,8,Nee
41.24381746615243,31.336961570359513,79.45155444907486,1.554160420714774,19,Ja
36.172002690356635,31.608489030980067,70.70864772666981,0.8539759765522237,9,Ja
59.26177547531641,26.659547731784755,,0.4148655003619104,3,Nee
69.0941664047013,34.960211747682614,7.290183536790352,0.4632885301181062,14,Nee
36.01432426180859,29.125201216522957,,,20,Nee
55.62969236690571,,29.52904940479433,0.5581395145185063,18,Nee
43.49357430878173,32.68254921785202,23.238432305604785,-2.529560077694303,6,Nee
45.12874616235304,25.507660091044812,28.10044989087136,-0.2966074590697983,10,Ja
44.07606075761131,30.140905786845643,,0.241321934916781,11,Ja
41.36009230320184,29.95440501677898,92.9228053631854,-1.151014083619507,5,Ja
50.48521627944827,35.42947782915789,,0.38632331781156,6,Ja
41.69049883588962,32.373491164399766,90.61110021324971,-0.2044712209861215,5,Ja
52.704568257798385,29.87486520627428,32.1495701247882,1.75547569831549,20,Nee
49.49761890550863,34.08883149600143,47.64369863437916,1.5730197252148563,15,Nee
47.6105195313359,36.951037745086566,22.602899781599973,,17,Nee
40.92436337958402,32.78905153175931,64.0476042175844,-0.1508377115666953,17,Ja
44.23228669431667,30.051763099216902,97.89811151748088,-0.0739475656083926,20,Ja
57.55391225825756,23.4408188382492,60.34930960433786,-0.4516594761596227,3,Nee
55.009171876243805,24.674431684623137,35.78140841135489,0.1950249840281267,18,Nee
40.22444755201449,28.47387647822666,64.78174459905284,-0.7582820688875902,2,Ja
50.99332305429226,26.952438989203586,12.292067846538757,-1.1306153349375263,10,Nee
57.51387123371789,29.06514348507277,88.86590802653987,0.6227112239002686,12,Nee
33.305947188786284,30.283249624485535,50.30839507798363,0.6295295842218108,8,Nee
55.43360192379935,32.64846377178365,44.93497420396421,-0.8043157596599924,3,Ja
43.37376241054153,,58.58647884535192,0.8953554307625996,4,Nee
55.70598668593159,32.43250821913101,62.47838627894025,-0.6315777291653314,17,Nee
42.367408434574834,30.3223720740506,7.177580622651303,0.2531652380379812,7,Ja
31.95117899335481,20.12266716823064,68.26172212234025,0.820344012612456,7,Nee
33.72457562116837,25.303323030906228,24.19316803155296,-0.033612564703713,19,Ja
50.48084946661382,29.279562221391924,71.39526325065899,0.4547409121411344,3,Ja
52.59722501721482,23.95152628579446,82.25347943841967,-0.5164296438875717,19,Ja
40.95683374895592,32.999643649981024,,-0.1964665834280971,19,Ja
56.38592458777374,37.65375416171849,55.25009674078891,-0.2058594308803403,12,Ja
33.3847993773104,36.09380925848659,52.016989231075115,-0.7465783465402389,4,Ja
49.33920201352684,28.93278564534896,14.287596133941172,-0.1767741631157821,4,Ja
37.889838002375434,37.45363068424976,77.53461504031355,-1.5486182988637467,6,Nee
43.48163892197841,30.74333728601056,27.140938044671437,-0.4911537471421047,12,Nee
50.47398671316414,28.314570144409803,49.669542281794655,-0.2848754933696708,4,Nee
41.39586634716048,26.9329866822953,28.42740929275167,-0.2561797524953801,10,Ja
46.154444557701744,28.487651567559357,13.382836299969314,-0.2414974458707788,3,Nee
60.0629280921444,,62.95576968917366,-0.0617641998601289,11,Nee
44.23108130476851,30.85208111187744,5.4332034822903825,0.4794415180860639,1,Ja
58.35692112065142,,74.86452341262,0.8745170741325226,15,Nee
38.702931453423815,30.015230100767074,31.758679526111667,-0.6497652268482671,2,Nee
55.298041779152825,32.18469084873175,0.013469300448532,-1.2032008553891445,4,Nee
64.41568620657901,35.95323137393171,51.11291392372298,-1.042044412243103,4,Nee
25.283554998727105,34.74777067720662,4.6851908527603126,-0.4872029211949271,17,Ja
42.03104744529523,22.57551015775048,27.616955782089946,-0.3519213178165091,2,Ja
55.7707212718054,17.230394325490224,70.69764874557161,-0.7699960661974573,9,Ja
47.96954613957007,34.67159955619637,6.268962162186586,-1.2961166642498945,12,Ja
53.71145873371309,23.165606507922895,83.93384923560023,-0.4561208274741882,11,Ja
43.960148132841795,28.87617299053658,0.3819922658583108,0.1814266201139713,14,Nee
50.865897874729,24.149434869703203,24.682386920190226,0.5950294658355647,17,Nee
48.44322764607921,20.9900978120999,74.09040561520715,-0.5574230531083212,8,Nee
61.67782061659807,32.70731364102394,31.627014972930677,-0.412997822143434,17,Nee
52.54420843301213,33.79577580151324,10.189238806601352,-0.9266983088473107,7,Nee
53.37602662075202,27.1174479963664,36.02339188004279,-0.0314391703747764,20,Nee
45.881230338775325,17.04478853927545,27.039328638452552,-0.8484286341908146,11,Ja
45.123937759275066,27.268777758737585,84.27119021605549,0.5731278132412001,15,Ja
45.67441812180379,31.959020027012738,31.334791758514314,-1.7858664919341112,18,Nee
53.944521423782966,22.605442156129357,78.89324717760073,-0.3596296724524624,16,Nee
45.79015519179737,30.91679959889578,89.18721448107347,0.3011073391917421,18,Nee
52.89774856896413,29.923450754135025,43.38174195765296,0.1838345163225043,11,Nee
70.75400798645438,32.89645749800544,90.9943143854392,2.6930336639804966,1,Nee
58.711247034316926,30.597901842070765,37.73180539631929,0.3498000245679075,10,Ja
46.73976467832159,25.13465529559222,96.40784164901082,-1.0040545968420105,4,Ja
62.01213922163944,35.982857508322454,8.928952452557294,-0.095464247089073,18,Nee
45.91924626978449,29.20735213486515,68.70192665032427,-1.7762463334664518,5,Nee
29.61875464822146,29.86347730245034,49.38140404569287,-0.0805997492967608,5,Ja
39.91913689082596,25.333660204634025,38.76488054556471,-0.8330560570007587,5,Ja
31.292080789741444,27.783588744042447,63.27118787486009,0.9153902755601616,13,Nee
46.48486515958692,25.575986429865495,70.38570916343312,-0.5495402745955349,12,Nee
50.184183791895514,29.135269700382885,0.4363269650309087,-0.1167659157952466,19,Ja
66.76437312275283,38.558542400711715,16.69530887471987,-0.6355578414044034,9,Nee
53.269273737641626,23.140494285343216,71.30460506343186,1.7388513518533313,6,Nee
47.80899471191136,21.932193010616295,66.63854135782064,-0.3212427661179117,1,Ja
58.294055811834895,37.35585163746804,96.60475051286772,1.8325570434792016,1,Nee
27.88864690992115,28.95338161424067,76.1037790250783,0.8141517621182666,8,Nee
,26.654636306700414,95.0772707731338,0.4820667273353861,19,Ja
,35.199523436980385,70.25405015348069,0.3687331473175197,11,Ja
35.214137542201584,26.97192230131568,29.805220863944314,0.3937972982162515,18,Ja
61.43754043206929,39.13004856773468,10.536492225085649,-1.92767257934561,3,Nee
53.38496407494414,,78.18238633449356,-0.2788833941507565,2,Nee
45.847120860991986,27.560442959271487,64.4149221475916,0.8451579711843216,17,Ja
56.32781866106285,40.78654106632752,4.818601239329623,-0.0488971834741055,3,Nee
72.70692857804396,26.97142538498331,36.005046590097834,-1.405189846803575,2,Nee
51.81866255058495,33.71047686004653,95.6799815484286,-0.0524044505774694,9,Ja
52.48220586300336,31.49646290203246,50.04011457102012,1.7041055162554912,19,Nee
45.40639100459756,36.50870644699399,,1.2468917155347194,14,Nee
41.50155630535208,37.807555983634266,45.7699605159294,-0.0620040093660317,2,Ja
58.303358165442454,30.160020745328833,20.88827240051637,0.9514492770580866,17,Nee
41.43916174091133,26.232910648269083,36.87071708647952,-0.3665070203680518,17,Ja
50.715662372193925,32.29986071469558,36.98132559871766,-1.703871586826719,17,Ja
45.223425532348834,26.61142315123947,,-0.9244659881295544,19,Ja
54.78979825746392,,76.75676285179182,1.5628887685081978,5,Nee
53.33662105286948,30.682676655413687,41.6504431903879,-0.2739930818293042,20,Ja
60.375399442578995,28.173392243439455,82.21798868164232,,7,Ja
44.89983601145253,30.923401529324543,85.03480011198954,,17,Ja
47.30125064706629,23.264368552351517,21.199405469865805,1.904136589573007,12,Nee
40.21236284217693,25.141929807446743,65.73534821701286,1.6259589153620633,16,Nee
45.55706739923888,36.00206953972213,47.22818041629817,2.218780233448134,13,Nee
53.77300493044852,26.71552860514302,88.0156737921485,-0.1590452104000513,13,Ja
,24.7654450865903,21.57406791764541,0.295624488747095,13,Ja
40.77834675822375,32.68326376263643,67.78132003100443,-1.5166425494207911,16,Nee
58.6960592010566,35.928520773314986,,1.4769344261182744,15,Nee
63.55637858804951,33.594766553325336,29.53014775718328,-1.167779551267935,3,Nee
54.13434903223701,34.98023842902908,13.66009036511726,0.2167755637626291,17,Ja
,26.216024557152696,65.16397604772766,-1.097302527632844,11,Ja
42.26210800896427,22.89094666629078,73.85974581323308,-0.5888668267386961,7,Ja
37.55345296688583,37.506668259777435,31.562734376335,,11,Nee
32.212797510957216,28.38660080578932,64.48326040223138,-0.6078752606758179,20,Ja
64.96044311489183,,39.51309076115032,-0.5391227031489786,18,Nee
56.54365656354058,36.64097070924529,71.32068832826177,-0.5482687949250771,17,Ja
49.44415329089545,32.7811500470033,19.92152748940531,0.8333339117803071,10,Nee
,32.279438860408035,,,16,Nee
38.74510952701623,40.825011724505416,,0.2205414270138668,8,Nee
74.45751979616827,26.782408848099287,36.77859877561529,1.2179591523055584,14,Nee
51.292211819752275,34.63920064040619,5.8091952080349785,-0.513196364513396,13,Nee
51.09394794604893,30.285065624485423,11.15122123212764,-0.7179188907476018,5,Ja
57.25766623898692,31.342961394316283,51.58619027123281,-0.2305246251802508,6,Ja
,37.64234213206266,26.75926767279715,1.1797252083607102,2,Nee
52.23884024279131,32.53917878144812,83.54802257421944,,3,Nee
42.09525544554688,32.69148039524816,1.4693388654953845,-0.5312142946075985,9,Nee
54.71468357135995,35.362536686549014,37.90940486719362,0.4838766511880397,10,Nee
68.82024496475034,28.175236352285573,33.73455467690927,-1.102292149836423,4,Nee
63.454200461549775,25.803951663304968,1.9327630917601035,0.681359510442948,9,Nee
65.93186626639397,24.775954029894834,12.436839900051025,0.4086073077017676,13,Nee
44.88784323568815,20.16821705311999,41.36426749186353,-0.3078084711388841,5,Ja
40.10395179741419,40.28103564970161,49.28645844474466,,7,Nee
48.74213079900352,24.483958171391585,40.42897472548691,-0.8866809222834573,8,Nee
50.557249122886944,28.89373188207114,53.093767841209385,0.5348173363459102,11,Nee
60.94191518470949,,59.51316749056815,1.228980502489062,8,Nee
33.07535370285181,31.537033489045506,0.992382112783563,-0.6373077470287948,15,Nee
65.29550319460614,34.078686062696484,46.409515945350385,0.4583867035514842,7,Nee
48.419921014210104,34.30236744179873,96.34992408875884,-2.0870270186020687,9,Nee
45.7311893005258,27.08461280715531,51.90322801295487,-0.5846177306571996,8,Nee
39.87895624739832,29.164391431067944,67.75422674589532,-0.0310589328709019,4,Nee
33.451433281342304,31.412899752441497,,-0.9096834169818336,14,Nee
58.231705839619146,28.756544369082263,77.39913781527625,-0.936506374789596,5,Ja
50.73317967188404,38.03672788009996,77.2921481876115,-0.6677795564688862,6,Nee
37.10039100258946,32.45487475819126,52.129604765413895,0.2921927283263731,16,Ja
37.04921227936384,33.67438893024909,97.60138232792136,-0.1873290184063747,19,Nee
46.64215300709872,33.31440634333706,12.555021476265338,-2.238231233324972,14,Nee
66.69021525289392,35.86736928742663,1.6947664889580991,-2.120700152635066,19,Nee
47.40408648636395,30.905107793518535,77.0158211757096,-0.6068651778571754,18,Ja
34.96857046881894,23.515840260220767,80.71555373648826,0.457686586053552,10,Ja
47.54256935914056,31.998439758763208,,-2.7475048427252347,16,Nee
47.27276430252329,26.743215531040853,26.55828329586061,-0.4997301761516306,7,Ja
23.031133570584284,27.356916591251217,1.755236336662891,-0.5262478565174211,10,Nee
49.45705133482188,32.931820093775464,29.33086107805647,1.3883377782084478,11,Nee
47.69065469791322,,77.31418739186715,-0.3850218117128636,20,Nee
56.96206364813418,30.106357883680307,51.79605277125789,0.3829889847409284,17,Nee
68.48956094945345,31.544165062994814,34.80955931682881,0.1412571400874632,10,Nee
61.26565029547757,38.51107472317619,37.17392949063303,-2.1305664798072006,14,Nee
47.31111309445169,31.20376589744284,,0.7682072166317373,5,Nee
38.934740912583294,43.008415570901974,29.98005275652359,0.2153965054562879,17,Nee
75.7335980324986,32.827548228157724,64.64587416379305,0.5082686396745896,12,Nee
50.59218434014488,21.19618620422091,97.41944438163571,3.9262377064363263,11,Nee
50.13929291912946,33.76670810552266,84.70608269838995,-2.0841129394985884,16,Nee
49.75874912889997,31.90579192441389,2.3594964645529126,1.7246966497611085,13,Nee
51.98084760767855,36.44876377041373,89.85606046748393,-0.2874475194003555,2,Ja
48.556395880760576,33.365906756349794,78.3198413298626,0.2873289044030093,6,Ja
,29.307720080081133,78.03761235709804,-0.0455122453012421,4,Ja
44.53141058759608,23.878508818553172,45.79957590035715,-0.4242363333980435,15,Ja
49.672467297840015,28.95488371356987,39.80052929545028,-0.5698329282387588,1,Ja
,,30.29157288331926,0.3295087355730091,5,Nee
42.87154217322835,27.097382750976383,6.569485895436578,-1.5171736966716791,12,Nee
51.064302276918966,32.942892022103045,22.82353634936991,,14,Nee
47.45022782579144,38.34952252175703,24.66036349780246,-0.4161944048852539,11,Nee
65.0399298858269,,48.40770697102016,-1.1300693390403578,18,Nee
23.49030191606988,24.020584689824076,74.7444406596694,-0.4500128579958137,19,Ja
60.91506851922462,32.2230133411007,47.38098283979466,1.2571492168625729,3,Nee
62.46085192497629,35.98315743322826,5.784444944716061,-0.5353350870162231,20,Ja
29.266097675918505,26.95108547840309,95.77898009882038,0.3584536182096202,13,Ja
46.57312405919651,29.32991416663541,94.27243190941122,-0.7309562757154733,13,Ja
46.28559134004209,30.073440973645987,78.51895431484084,0.7579218499236196,2,Ja
35.924883052821784,26.0755084345888,99.13279015642206,0.6855077387902041,13,Ja
42.22183312409125,33.2414021692193,54.448233280026294,1.8486088332964117,15,Nee
38.894241545341714,29.395259256961097,96.2768350253206,-0.1755639454992155,12,Ja
67.52270443423623,32.09766221953514,7.560504061675077,0.6686548047579066,2,Nee
59.35678393147461,25.562539110989498,36.568074826137135,0.0980675395389445,11,Nee
62.71555094994159,27.812708498382943,22.538126800676583,,19,Nee
57.21672064043235,33.61190678913886,19.583308413427,-0.7188323876087304,15,Nee
38.70948228782771,28.135834239541165,14.08029488926761,0.7450053128772811,3,Nee
44.75479733720226,38.63481925616703,62.241364156599666,,20,Nee
54.89374561227918,28.001819071926988,78.1321855747305,-0.0641881771084977,20,Nee
37.778721911080545,31.12342362875943,57.82983994203607,,4,Nee
57.12998430172388,34.66295415936545,14.696270958820968,0.2522403964266774,17,Nee
47.59674601841865,22.90817133533484,81.11237699334708,-0.1162290431219581,9,Ja
46.251791924504026,21.19595594009612,63.59547071637285,0.2147131831705263,12,Nee
57.10959968203491,22.371718427149524,38.81657061269955,1.5781180575621845,9,Nee
54.4426331148604,36.31292051713591,67.4130295536063,0.9854496856152184,16,Ja
46.3903383418092,27.240709270537767,25.99049792428329,0.8691545924968965,20,Nee
61.59329803364248,42.79099642834126,34.51922084942105,-0.4555395260238707,16,Nee
39.189366724001026,27.178762006713058,91.74858431319902,-0.8892408282283243,19,Ja
56.15935606944264,30.922756515985185,29.05045056714204,0.9553005582377528,19,Nee
55.93101257968384,37.71054976283938,46.99882681579366,0.8760467925297942,2,Nee
46.904535606860094,40.03046444079561,89.01411373960147,1.472670675750982,6,Nee
53.26133022242118,40.30751788318199,70.77213502675275,-0.6039806259692295,15,Nee
37.488864236146966,36.04183115296571,6.220322616470275,-0.229548655360347,12,Nee
59.24027019206901,35.12031262905731,14.730304427897034,-1.6394841625254342,2,Nee
48.15097863557011,32.96263474600592,,-0.3924711060608729,2,Nee
44.772769794809605,33.89180538083319,63.09217902291634,0.9965705105794472,11,Ja
60.49009225836889,27.244071418357333,44.767342541041835,-0.4664953792281979,13,Nee
42.95656309457241,25.909005582888465,13.427485090227552,0.6404797952008238,4,Ja
35.91538703636441,29.98312771294524,95.79341210567704,-0.1905031059978113,4,Ja
34.433708264760966,29.14907688737536,52.96597239456199,0.3240570282215606,3,Ja
56.06009951345639,27.733859753363625,24.189329411288917,-1.147691389815667,12,Nee
37.19570647503717,33.481937237283574,50.06035711547076,0.085209449633901,1,Ja
67.54794181984364,34.77652604285255,67.96203327351078,-2.9911359709007233,12,Nee
29.18070592116278,30.44203443145924,7.623921797356448,-0.1868961581619848,10,Nee
66.96456368290038,37.38765040527631,27.4703815047892,-1.63047324371514,10,Nee
52.11017467202618,24.291554429332475,80.69654908839937,1.205994516546816,14,Nee
49.032868881296075,29.03170270360141,45.96648704026613,0.7774073527645112,11,Nee
44.550809131910505,26.415888396985977,54.65771420322949,0.466670981966081,15,Nee
53.991361143520706,20.6673169146347,43.28160022094693,1.52100622715938,16,Nee
49.62365297575152,29.586596570786504,4.389994264300512,-0.9489165208248372,19,Nee
61.03301882016521,29.39126245808358,16.574977982015593,1.7473631979155582,16,Nee
51.1422764866204,37.567248716210656,44.554163874189086,,11,Ja
51.50301761461878,33.154058422773886,20.918546540792786,-0.236555287218946,10,Nee
46.36387787786144,24.879065878353977,4.997902865967873,1.135620147182944,5,Nee
49.43054376278933,39.27046283167094,84.36496640518237,-1.1062935124116342,12,Nee
53.07801768892059,36.10516847762676,98.11925291641158,-0.8245141615276735,3,Ja
32.89831607343375,32.910488517343076,79.31428739967394,-0.6085897232397004,19,Nee
36.518145778942866,28.86757950575084,85.3784921704667,-0.5289777080640152,17,Ja
57.43264094022715,25.2028038163826,24.197713031704534,-1.0565576427602528,3,Nee
51.708654381279416,28.138966119644735,96.06269755131996,1.223083067095325,16,Nee
,35.443743098520926,19.69257044534284,-0.2588544003698316,3,Ja
50.184339330653934,39.42293152967304,95.14298103618324,0.3525049683568795,15,Nee
53.47581705361671,,99.4819293965951,-0.5703513664136806,2,Ja
44.60240319690639,27.55575289106863,71.17228057460487,-1.8206033005485172,10,Nee
42.21695274597688,24.401912833554945,98.1143731791822,0.2700573583914221,14,Ja
51.958452550976816,30.70443123455602,56.95397795671037,-1.9122549754197768,15,Nee
40.21627222384968,21.157803172185744,25.954178317609035,,9,Ja
54.082527557144715,31.615838570923906,43.699588566562085,-1.3683150388328105,19,Nee
32.9741639576216,29.261987068506656,59.35609353787859,1.987275999230808,16,Nee
60.29155637325644,27.66981749065879,7.308156202701499,0.9113627221747216,5,Nee
54.72597482413043,22.02648466366602,62.234326461724606,0.1057537912714804,14,Ja
52.56029734313876,32.568000532848586,98.11778367622944,1.2637066776546686,15,Ja
59.82690983945514,27.336495801690443,19.01076497837276,-0.8463159774657358,7,Nee
66.65474444462576,24.15041582144856,79.25951162883833,0.543479378670093,15,Ja
60.1437006501813,15.638688933591752,90.78987937796194,0.1998104337187135,18,Ja
,29.862425474746814,94.37015928202209,0.26402008133367,17,Ja
,38.86125798334872,96.01356044054472,1.2723535001067678,16,Ja
43.75181422304321,38.30629607273935,52.14596387214719,0.7324921027798023,13,Nee
50.26091050210834,,97.73079079915036,0.2887236628250232,6,Ja
55.17659020469123,26.988939698191096,75.73102071344388,-1.654887436228296,16,Nee
42.742561868465344,32.34387128037512,16.16714362369619,-0.9600462952794636,8,Nee
51.86766764477078,25.008072804058543,47.690010646797,-0.1227089335957241,11,Nee
42.44617067646678,31.50895949909733,71.8331175372004,0.0933723742766512,7,Nee
43.88482197008051,33.83040139192345,24.734031581908333,-1.1302037246739238,7,Nee
35.93338903151778,36.13466611942154,64.06151835488873,2.411676675578421,4,Nee
40.76766753889096,29.499229617600236,66.66004790466192,1.5163940552535728,20,Nee
36.48315394383666,,16.26997438085659,0.6021183203924835,3,Nee
40.241267470226674,25.610087066217194,56.50853124527563,0.0720368612837447,2,Ja
60.5364179660784,25.8655982298007,77.16269109786077,-0.2122089699011516,19,Ja
40.50601111168057,28.867605540492367,49.88956645359419,-0.9519184600222356,12,Ja
76.32382064837391,31.83682753408089,1.2103116776107423,0.0774805185188625,9,Nee
54.93317900880889,34.567923131166246,0.9038469079292176,0.2577525401427507,15,Nee
51.84836123694874,25.984105246598276,35.702934397001215,-1.2417605754816243,8,Nee
41.41642219818787,,92.6194068431782,0.3341764172448974,3,Ja
57.003098794089915,28.644381994787157,22.867677960360876,-0.1552590488247487,15,Nee
44.24362173762226,29.89316352825782,63.43636888716871,-1.907807557877391,4,Nee
51.220098146453616,26.26394160426088,22.207587069332057,-0.8603850107795019,12,Nee
75.60084538268795,17.878798698635293,32.16699896595486,-0.4136055334216442,19,Nee
49.0394010027535,34.42022698180525,84.8042089601484,1.8876876573401904,19,Nee
61.49273326285676,33.684219485462165,72.88614422699469,0.5565531245337582,8,Ja
42.96823574874112,28.593362214408938,9.539927731321065,-1.3354815690998914,16,Nee
49.65011509503038,,42.87020209864336,0.486036289417637,13,Ja
67.7080063563551,32.5796960885205,2.916976364526447,-1.5473039889383655,10,Nee
43.73032942212232,22.187270715567287,48.0890146603009,1.082691053887073,3,Nee
68.12448557996929,,66.24340117010681,-0.4711246518178786,8,Ja
57.07751935455475,33.971323398109135,11.850262359815156,-0.0936361887391708,14,Nee
44.37533224105732,23.728552884153753,28.888493890916568,1.32579664754219,20,Ja
56.32407739055521,31.467789660833148,39.783662550215695,-1.28716356858425,1,Nee
59.7255444962673,23.217090976882975,91.95310246560496,-1.3971181851129912,15,Ja
56.21809962217196,32.33214991216763,99.3255015422964,-0.5835993263460049,17,Ja
34.297752801095434,29.821792588512583,4.491129899561585,1.0383788510193166,20,Nee
42.72862824175131,21.924340920472453,76.1007923495392,-1.5193460754768424,9,Nee
47.52481364448495,35.82369677228586,37.17240664023432,-2.832155598110569,3,Nee
49.25566570899954,26.327042116009753,,-0.4511588584089988,6,Ja
56.206720975506784,25.948737814928094,75.42649733470228,0.5517407999109204,18,Ja
,31.00284598615471,91.84264321454089,1.2002617497388293,18,Ja
36.64655641289899,35.743186747143575,95.09285945025483,-0.463161362085399,13,Nee
53.801978510059634,24.920890905108017,57.71225860383208,-0.4114266071160024,3,Ja
,30.30839924923986,35.71211593005028,1.1539007342557472,3,Nee
55.5979044793104,32.14408250165287,78.75490858587793,-1.8697416996954208,10,Nee
60.807807255546216,33.46552803631572,25.100138326230027,-0.3885207751830092,12,Nee
58.33922154548904,30.882207776386124,56.40740288335178,0.1904238899250577,1,Ja
54.59180079228437,28.164860804583387,,0.4492187212850342,14,Ja
49.29834288541353,25.8620488967564,65.66310737078761,-0.5098066931908826,11,Nee
33.39039066484008,30.430719415231874,,,1,Nee
54.296182191325855,24.63930494007197,19.159294573482576,-2.4883273534129895,2,Nee
52.076876871631114,15.393247582526964,91.8239086675437,-0.6582484123338483,10,Ja
52.715788371953735,32.18279902078834,10.18036829495369,0.4535087125544674,15,Nee
,34.519674205430974,50.59579077349317,-0.9822940342546796,17,Nee
39.189434595917376,18.18533782229081,22.085278296300892,0.0589842215895973,9,Ja
60.53152853332904,24.95134647645031,3.892996332566745,0.446872500802698,6,Ja
49.60444846143345,33.09577130502599,3.601881829142639,,20,Nee
56.81500697372624,40.2874773485585,17.522177210582733,0.1704637709965709,10,Ja
50.28318376130461,30.10396853837704,86.67703545060003,-0.9627325652846124,7,Ja
50.297561394957455,26.35998529385433,28.247874397702667,-0.2066112796960466,9,Ja
